BEGIN TRANSACTION;
INSERT OR IGNORE INTO "Items_Main" ("item_id","item_name","minimum_amount","manufacture_name","current_amount","number_of_damaged_items","next_supply_date","current_price","weight","category","branch_id") VALUES (1,'milk',100,'tnuva',0,0,NULL,6.0,8,'milk',111),
 (1,'milk',100,'tnuva',0,0,NULL,6.0,8,'milk',222),
 (1,'milk',100,'tnuva',0,0,NULL,6.0,8,'milk',333),
 (1,'milk',100,'tnuva',0,0,NULL,6.0,8,'milk',444),
 (1,'milk',100,'tnuva',0,0,NULL,6.0,8,'milk',555),
 (1,'milk',100,'tnuva',0,0,NULL,6.0,8,'milk',666),
 (1,'milk',100,'tnuva',0,0,NULL,6.0,8,'milk',777),
 (1,'milk',100,'tnuva',0,0,NULL,6.0,8,'milk',888),
 (1,'milk',100,'tnuva',0,0,NULL,6.0,8,'milk',999),
 (3,'butter',50,'tnuva',0,0,'24-06-2021',4.0,5,'cheese',111),
 (3,'butter',50,'tnuva',0,0,NULL,4.0,5,'cheese',222),
 (3,'butter',50,'tnuva',0,0,NULL,4.0,5,'cheese',333),
 (3,'butter',50,'tnuva',0,0,NULL,4.0,5,'cheese',444),
 (3,'butter',50,'tnuva',0,0,NULL,4.0,5,'cheese',555),
 (3,'butter',50,'tnuva',0,0,NULL,4.0,5,'cheese',666),
 (3,'butter',50,'tnuva',0,0,NULL,4.0,5,'cheese',777),
 (3,'butter',50,'tnuva',0,0,NULL,4.0,5,'cheese',888),
 (3,'butter',50,'tnuva',0,0,NULL,4.0,5,'cheese',999),
 (4,'cheder',700,'tnuva',0,0,'24-06-2021',10.0,5,'cheese',111),
 (4,'cheder',700,'tnuva',0,0,NULL,10.0,5,'cheese',222),
 (4,'cheder',700,'tnuva',0,0,NULL,10.0,5,'cheese',333),
 (4,'cheder',700,'tnuva',0,0,NULL,10.0,5,'cheese',444),
 (4,'cheder',700,'tnuva',0,0,NULL,10.0,5,'cheese',555),
 (4,'cheder',700,'tnuva',0,0,NULL,10.0,5,'cheese',666),
 (4,'cheder',700,'tnuva',0,0,NULL,10.0,5,'cheese',777),
 (4,'cheder',700,'tnuva',0,0,NULL,10.0,5,'cheese',888),
 (4,'cheder',700,'tnuva',0,0,NULL,10.0,5,'cheese',999),
 (6,'cottage',500,'tnuva',0,0,'24-06-2021',5.5,5,'cheese',111),
 (6,'cottage',500,'tnuva',0,0,NULL,5.5,5,'cheese',222),
 (6,'cottage',500,'tnuva',0,0,NULL,5.5,5,'cheese',333),
 (6,'cottage',500,'tnuva',0,0,NULL,5.5,5,'cheese',444),
 (6,'cottage',500,'tnuva',0,0,NULL,5.5,5,'cheese',555),
 (6,'cottage',500,'tnuva',0,0,NULL,5.5,5,'cheese',666),
 (6,'cottage',500,'tnuva',0,0,NULL,5.5,5,'cheese',777),
 (6,'cottage',500,'tnuva',0,0,NULL,5.5,5,'cheese',888),
 (6,'cottage',500,'tnuva',0,0,NULL,5.5,5,'cheese',999),
 (7,'white bread',203,'Berman',0,0,'28-06-2021',6.9,10,'breads',111),
 (7,'white bread',203,'Berman',0,0,NULL,6.9,10,'breads',222),
 (7,'white bread',203,'Berman',0,0,NULL,6.9,10,'breads',333),
 (7,'white bread',203,'Berman',0,0,NULL,6.9,10,'breads',444),
 (7,'white bread',203,'Berman',0,0,NULL,6.9,10,'breads',555),
 (7,'white bread',203,'Berman',0,0,NULL,6.9,10,'breads',666),
 (7,'white bread',203,'Berman',0,0,NULL,6.9,10,'breads',777),
 (7,'white bread',203,'Berman',0,0,NULL,6.9,10,'breads',888),
 (7,'white bread',203,'Berman',0,0,NULL,6.9,10,'breads',999),
 (8,'baguette',250,'Berman',0,0,'28-06-2021',4.5,3,'breads',111),
 (8,'baguette',250,'Berman',0,0,NULL,4.5,3,'breads',222),
 (8,'baguette',250,'Berman',0,0,NULL,4.5,3,'breads',333),
 (8,'baguette',250,'Berman',0,0,NULL,4.5,3,'breads',444),
 (8,'baguette',250,'Berman',0,0,NULL,4.5,3,'breads',555),
 (8,'baguette',250,'Berman',0,0,NULL,4.5,3,'breads',666),
 (8,'baguette',250,'Berman',0,0,NULL,4.5,3,'breads',777),
 (8,'baguette',250,'Berman',0,0,NULL,4.5,3,'breads',888),
 (8,'baguette',250,'Berman',0,0,NULL,4.5,3,'breads',999),
 (9,'black bread',150,'Berman',0,0,'28-06-2021',13.9,10,'breads',111),
 (10,'bagel',750,'Berman',0,0,'28-06-2021',3.25,7,'breads',111),
 (11,'pita',500,'Berman',0,0,'28-06-2021',1.5,3,'breads',111),
 (12,'white sugar',100,'sugat',0,0,'20-06-2021',4.5,6,'sugar',111),
 (13,'flour',1000,'sugat',0,0,'20-06-2021',5.5,5,'flour',111),
 (14,'eggs',500,'sugat',0,0,'20-06-2021',11.5,8,'eggs',111),
 (9,'black bread',150,'Berman',0,0,NULL,13.9,10,'breads',777),
 (10,'bagel',750,'Berman',0,0,NULL,3.25,7,'breads',777),
 (11,'pita',500,'Berman',0,0,NULL,1.5,3,'breads',777),
 (12,'white sugar',100,'sugat',0,0,NULL,4.5,6,'sugar',777),
 (13,'flour',1000,'sugat',0,0,NULL,5.5,5,'flour',777),
 (14,'eggs',500,'sugat',0,0,NULL,11.5,8,'eggs',777),
 (9,'black bread',150,'Berman',0,0,NULL,13.9,10,'breads',888),
 (10,'bagel',750,'Berman',0,0,NULL,3.25,7,'breads',888),
 (11,'pita',500,'Berman',0,0,NULL,1.5,3,'breads',888),
 (12,'white sugar',100,'sugat',0,0,NULL,4.5,6,'sugar',888),
 (13,'flour',1000,'sugat',0,0,NULL,5.5,5,'flour',888),
 (14,'eggs',500,'sugat',0,0,NULL,11.5,8,'eggs',888),
 (9,'black bread',150,'Berman',0,0,NULL,13.9,10,'breads',222),
 (10,'bagel',750,'Berman',0,0,NULL,3.25,7,'breads',222),
 (11,'pita',500,'Berman',0,0,NULL,1.5,3,'breads',222),
 (12,'white sugar',100,'sugat',0,0,NULL,4.5,6,'sugar',222),
 (13,'flour',1000,'sugat',0,0,NULL,5.5,5,'flour',222),
 (14,'eggs',500,'sugat',0,0,NULL,11.5,8,'eggs',222),
 (9,'black bread',150,'Berman',0,0,NULL,13.9,10,'breads',333),
 (10,'bagel',750,'Berman',0,0,NULL,3.25,7,'breads',333),
 (11,'pita',500,'Berman',0,0,NULL,1.5,3,'breads',333),
 (12,'white sugar',100,'sugat',0,0,NULL,4.5,6,'sugar',333),
 (13,'flour',1000,'sugat',0,0,NULL,5.5,5,'flour',333),
 (14,'eggs',500,'sugat',0,0,NULL,11.5,8,'eggs',333),
 (9,'black bread',150,'Berman',0,0,NULL,13.9,10,'breads',444),
 (10,'bagel',750,'Berman',0,0,NULL,3.25,7,'breads',444),
 (11,'pita',500,'Berman',0,0,NULL,1.5,3,'breads',444),
 (12,'white sugar',100,'sugat',0,0,NULL,4.5,6,'sugar',444),
 (13,'flour',1000,'sugat',0,0,NULL,5.5,5,'flour',444),
 (14,'eggs',500,'sugat',0,0,NULL,11.5,8,'eggs',444),
 (9,'black bread',150,'Berman',0,0,NULL,13.9,10,'breads',555),
 (10,'bagel',750,'Berman',0,0,NULL,3.25,7,'breads',555),
 (11,'pita',500,'Berman',0,0,NULL,1.5,3,'breads',555),
 (12,'white sugar',100,'sugat',0,0,NULL,4.5,6,'sugar',555),
 (13,'flour',1000,'sugat',0,0,NULL,5.5,5,'flour',555),
 (14,'eggs',500,'sugat',0,0,NULL,11.5,8,'eggs',555),
 (9,'black bread',150,'Berman',0,0,NULL,13.9,10,'breads',999),
 (10,'bagel',750,'Berman',0,0,NULL,3.25,7,'breads',999),
 (11,'pita',500,'Berman',0,0,NULL,1.5,3,'breads',999),
 (12,'white sugar',100,'sugat',0,0,NULL,4.5,6,'sugar',999),
 (13,'flour',1000,'sugat',0,0,NULL,5.5,5,'flour',999),
 (14,'eggs',500,'sugat',0,0,NULL,11.5,8,'eggs',999),
 (9,'black bread',150,'Berman',0,0,NULL,13.9,10,'breads',666),
 (10,'bagel',750,'Berman',0,0,NULL,3.25,7,'breads',666),
 (11,'pita',500,'Berman',0,0,NULL,1.5,3,'breads',666),
 (12,'white sugar',100,'sugat',0,0,NULL,4.5,6,'sugar',666),
 (13,'flour',1000,'sugat',0,0,NULL,5.5,5,'flour',666),
 (14,'eggs',500,'sugat',0,0,NULL,11.5,8,'eggs',666),
 (15,'canola oil',350,'sugat',0,0,'20-06-2021',7.5,10,'oil',111),
 (15,'canola oil',350,'sugat',0,0,NULL,7.5,10,'oil',222),
 (15,'canola oil',350,'sugat',0,0,NULL,7.5,10,'oil',333),
 (15,'canola oil',350,'sugat',0,0,NULL,7.5,10,'oil',444),
 (15,'canola oil',350,'sugat',0,0,NULL,7.5,10,'oil',555),
 (15,'canola oil',350,'sugat',0,0,NULL,7.5,10,'oil',666),
 (15,'canola oil',350,'sugat',0,0,NULL,7.5,10,'oil',777),
 (15,'canola oil',350,'sugat',0,0,NULL,7.5,10,'oil',888),
 (15,'canola oil',350,'sugat',0,0,NULL,7.5,10,'oil',999);
INSERT OR IGNORE INTO "categories" ("category_name","father_category_name") VALUES ('food',NULL),
 ('diary','food'),
 ('cheese','diary'),
 ('milk','dairy'),
 ('general food','food'),
 ('oil','general food'),
 ('eggs','general food'),
 ('flour','general food'),
 ('sugar','general food'),
 ('breads','general food');
INSERT OR IGNORE INTO "Suppliers" ("supplierBN","name","address","bankAccount","termOfPayment","needDelivery") VALUES (1,'Tnuva','eli sinai 2 netivot',430123,'EOM90',0),
 (2,'Berman','katif 1 netivot',456908,'EOM60',0),
 (3,'Willi-food','katif 2 netivot',674039,'EOM90',0),
 (4,'the Farmer','katif 3 netivot',652375,'EOM30',0),
 (5,'itzik','katif 4 netivot',12311,'EOM30',1),
 (6,'asdsa','katif 4 Ashdod',555411,'EOM30',1);
INSERT OR IGNORE INTO "SuppliersTermsOfSupply" ("supplierBN","day") VALUES (1,'SUNDAY'),
 (1,'TUESDAY'),
 (1,'THURSDAY'),
 (2,'MONDAY'),
 (3,'SUNDAY'),
 (4,'TUESDAY');
INSERT OR IGNORE INTO "Orders" ("orderID","supplierBN","issueDate","supplyDate","totalOrderPrice","isClosed","branchID") VALUES (1,1,'2021-06-20','2021-06-24',16600.0,0,111),
 (2,2,'2021-06-20','2021-06-28',13071.45,0,111),
 (3,3,'2021-06-16','2021-06-20',16675.0,0,111);
INSERT OR IGNORE INTO "Contacts" ("name","supplierBN","phoneNumber","email") VALUES ('Israel Israeli',1,'0503578638','isreal@gmail.com'),
 ('Moshe Cohen',2,'0524560987','moshe@gmail.com'),
 ('Adam Shalom',3,'0545678123','adam@gmail.com'),
 ('Rinat Sharon',4,'0536847384','rinat@gmail.com'),
 ('itzik',5,'0536843334','ri22@gmail.com'),
 ('asdsa',6,'0536847334','test@gmail.com');
INSERT OR IGNORE INTO "SuppliersIncludedItems" ("supplierBN","catalogNumber","serialNumber","price") VALUES (1,1,1,6.0),
 (1,2,2,2.9),
 (1,3,3,4.0),
 (1,4,4,10.0),
 (1,5,5,8.9),
 (1,6,6,5.5),
 (2,7,7,6.9),
 (2,8,8,4.5),
 (2,9,9,13.9),
 (2,10,10,3.25),
 (2,11,11,1.5),
 (3,12,12,4.5),
 (3,13,13,5.5),
 (3,14,14,11.5),
 (3,15,15,7.5),
 (4,16,16,5.9),
 (4,17,17,5.9),
 (4,18,18,8.9),
 (4,19,19,4.9),
 (4,20,20,6.9),
 (5,1,1,0.5),
 (6,3,3,0.04);

INSERT OR IGNORE INTO "SuppliersOrdersDiscounts" ("supplierBN","amount","discount") VALUES (1,2000,0.02),
 (1,5000,0.04),
 (1,10000,0.05),
 (2,2000,0.05),
 (2,6000,0.08),
 (3,15000,0.04),
 (3,20000,0.07),
 (4,15000,0.05),
 (4,20000,0.07);
INSERT OR IGNORE INTO "SuppliersItemsDiscounts" ("supplierBN","catalogNumber","amount","discount") VALUES (1,1,5000,0.02),
 (1,1,10000,0.05),
 (1,2,3000,0.05),
 (1,3,6000,0.02),
 (1,4,1000,0.03),
 (1,5,1000,0.03),
 (1,6,4000,0.03),
 (2,7,2000,0.03),
 (2,8,500,0.005),
 (2,9,1500,0.03),
 (2,10,700,0.02),
 (2,11,2000,0.06),
 (3,12,2000,0.03),
 (3,13,3000,0.03),
 (3,14,4000,0.04),
 (3,15,4000,0.03),
 (4,16,10000,0.01),
 (4,16,15000,0.03),
 (4,17,10000,0.01),
 (4,17,15000,0.03),
 (4,18,8000,0.02),
 (4,19,8000,0.01),
 (4,19,10000,0.03),
 (4,20,5000,0.01),
 (4,20,9000,0.03),
 (5,1,100,0.1),
 (6,3,6000,0.02);

INSERT OR IGNORE INTO "OrderItems" ("orderID","catalogNumber","name","amount","cost","discountCost","totalCost") VALUES (1,3,'butter',250,4.0,4.0,1000.0),
 (1,4,'cheder',900,10.0,10.0,9000.0),
 (1,6,'cottage',200,5.5,5.5,6600.0),
 (2,7,'white bread',200,6.9,6.9,2780.7),
 (2,8,'baguette',200,4.5,4.5,1350.0),
 (2,9,'black bread',200,13.9,13.9,4865.0),
 (2,10,'bagel',150,3.25,3.185,3025.75),
 (2,11,'pita',150,1.5,1.5,1050.0),
 (3,12,'white sugar',300,4.5,4.5,4500.0),
 (3,14,'eggs',100,11.5,11.5,8050.0),
 (3,15,'canola oil',120,7.5,7.5,4125.0);
COMMIT;
